key,files,functions,lines,addLines,deleteLines,pos,time,rf,ibf,isComponent,distance,isInducing
164692@ebef72eb5278,0.14934089169295822,0.3092355778889529,0.3950483989694681,0.374740933337682,0.3214113867723197,1.0,1.0,1.0,1.0,1,1.0,true
164692@313ca82fe335,0.0,0.0,0.0,0.0,0.0,0.0,0.0,0.0,0.0,0,0.0,false
